user_45596	user_5980	closed	stance
user_45596	user_43462	closed	stance
user_45596	user_9153	closed	stance
user_45596	user_42466	closed	stance
user_45596	user_54028	closed	stance
user_45596	user_34210	closed	stance
user_45596	user_35173	closed	stance
user_45596	user_8848	closed	stance
user_5980	user_43462	closed	stance
user_5980	user_9153	closed	stance
user_5980	user_42466	closed	stance
user_5980	user_54028	closed	stance
user_5980	user_34210	closed	stance
user_5980	user_35173	closed	stance
user_5980	user_8848	closed	stance
user_43462	user_9153	closed	stance
user_43462	user_42466	closed	stance
user_43462	user_54028	closed	stance
user_43462	user_34210	closed	stance
user_43462	user_35173	closed	stance
user_43462	user_8848	closed	stance
user_9153	user_42466	closed	stance
user_9153	user_54028	closed	stance
user_9153	user_34210	closed	stance
user_9153	user_35173	closed	stance
user_9153	user_8848	closed	stance
user_42466	user_54028	closed	stance
user_42466	user_34210	closed	stance
user_42466	user_35173	closed	stance
user_42466	user_8848	closed	stance
user_54028	user_34210	closed	stance
user_54028	user_35173	closed	stance
user_54028	user_8848	closed	stance
user_34210	user_35173	closed	stance
user_34210	user_8848	closed	stance
user_35173	user_8848	closed	stance
user_45596	user_7215	far	stance
user_45596	user_32046	far	stance
user_45596	user_9786	far	stance
user_45596	user_14090	far	stance
user_45596	user_31967	far	stance
user_5980	user_7215	far	stance
user_5980	user_32046	far	stance
user_5980	user_9786	far	stance
user_5980	user_14090	far	stance
user_5980	user_31967	far	stance
user_43462	user_7215	far	stance
user_43462	user_32046	far	stance
user_43462	user_9786	far	stance
user_43462	user_14090	far	stance
user_43462	user_31967	far	stance
user_9153	user_7215	far	stance
user_9153	user_32046	far	stance
user_9153	user_9786	far	stance
user_9153	user_14090	far	stance
user_9153	user_31967	far	stance
user_42466	user_7215	far	stance
user_42466	user_32046	far	stance
user_42466	user_9786	far	stance
user_42466	user_14090	far	stance
user_42466	user_31967	far	stance
user_54028	user_7215	far	stance
user_54028	user_32046	far	stance
user_54028	user_9786	far	stance
user_54028	user_14090	far	stance
user_54028	user_31967	far	stance
user_34210	user_7215	far	stance
user_34210	user_32046	far	stance
user_34210	user_9786	far	stance
user_34210	user_14090	far	stance
user_34210	user_31967	far	stance
user_35173	user_7215	far	stance
user_35173	user_32046	far	stance
user_35173	user_9786	far	stance
user_35173	user_14090	far	stance
user_35173	user_31967	far	stance
user_8848	user_7215	far	stance
user_8848	user_32046	far	stance
user_8848	user_9786	far	stance
user_8848	user_14090	far	stance
user_8848	user_31967	far	stance
user_7215	user_32046	closed	stance
user_7215	user_9786	closed	stance
user_7215	user_14090	closed	stance
user_7215	user_31967	closed	stance
user_32046	user_9786	closed	stance
user_32046	user_14090	closed	stance
user_32046	user_31967	closed	stance
user_9786	user_14090	closed	stance
user_9786	user_31967	closed	stance
user_14090	user_31967	closed	stance
user_7215	user_45596	far	stance
user_7215	user_5980	far	stance
user_7215	user_43462	far	stance
user_7215	user_9153	far	stance
user_7215	user_42466	far	stance
user_7215	user_54028	far	stance
user_7215	user_34210	far	stance
user_7215	user_35173	far	stance
user_7215	user_8848	far	stance
user_32046	user_45596	far	stance
user_32046	user_5980	far	stance
user_32046	user_43462	far	stance
user_32046	user_9153	far	stance
user_32046	user_42466	far	stance
user_32046	user_54028	far	stance
user_32046	user_34210	far	stance
user_32046	user_35173	far	stance
user_32046	user_8848	far	stance
user_9786	user_45596	far	stance
user_9786	user_5980	far	stance
user_9786	user_43462	far	stance
user_9786	user_9153	far	stance
user_9786	user_42466	far	stance
user_9786	user_54028	far	stance
user_9786	user_34210	far	stance
user_9786	user_35173	far	stance
user_9786	user_8848	far	stance
user_14090	user_45596	far	stance
user_14090	user_5980	far	stance
user_14090	user_43462	far	stance
user_14090	user_9153	far	stance
user_14090	user_42466	far	stance
user_14090	user_54028	far	stance
user_14090	user_34210	far	stance
user_14090	user_35173	far	stance
user_14090	user_8848	far	stance
user_31967	user_45596	far	stance
user_31967	user_5980	far	stance
user_31967	user_43462	far	stance
user_31967	user_9153	far	stance
user_31967	user_42466	far	stance
user_31967	user_54028	far	stance
user_31967	user_34210	far	stance
user_31967	user_35173	far	stance
user_31967	user_8848	far	stance
user_11050	user_42788	closed	stance
user_11050	user_36693	closed	stance
user_11050	user_42466	closed	stance
user_42788	user_36693	closed	stance
user_42788	user_42466	closed	stance
user_36693	user_42466	closed	stance
user_35593	user_15492	closed	stance
user_35593	user_13061	closed	stance
user_35593	user_4703	closed	stance
user_35593	user_24393	closed	stance
user_35593	user_27001	closed	stance
user_35593	user_13099	closed	stance
user_35593	user_19119	closed	stance
user_35593	user_11093	closed	stance
user_35593	user_2739	closed	stance
user_35593	user_6173	closed	stance
user_15492	user_13061	closed	stance
user_15492	user_4703	closed	stance
user_15492	user_24393	closed	stance
user_15492	user_27001	closed	stance
user_15492	user_13099	closed	stance
user_15492	user_19119	closed	stance
user_15492	user_11093	closed	stance
user_15492	user_2739	closed	stance
user_15492	user_6173	closed	stance
user_13061	user_4703	closed	stance
user_13061	user_24393	closed	stance
user_13061	user_27001	closed	stance
user_13061	user_13099	closed	stance
user_13061	user_19119	closed	stance
user_13061	user_11093	closed	stance
user_13061	user_2739	closed	stance
user_13061	user_6173	closed	stance
user_4703	user_24393	closed	stance
user_4703	user_27001	closed	stance
user_4703	user_13099	closed	stance
user_4703	user_19119	closed	stance
user_4703	user_11093	closed	stance
user_4703	user_2739	closed	stance
user_4703	user_6173	closed	stance
user_24393	user_27001	closed	stance
user_24393	user_13099	closed	stance
user_24393	user_19119	closed	stance
user_24393	user_11093	closed	stance
user_24393	user_2739	closed	stance
user_24393	user_6173	closed	stance
user_27001	user_13099	closed	stance
user_27001	user_19119	closed	stance
user_27001	user_11093	closed	stance
user_27001	user_2739	closed	stance
user_27001	user_6173	closed	stance
user_13099	user_19119	closed	stance
user_13099	user_11093	closed	stance
user_13099	user_2739	closed	stance
user_13099	user_6173	closed	stance
user_19119	user_11093	closed	stance
user_19119	user_2739	closed	stance
user_19119	user_6173	closed	stance
user_11093	user_2739	closed	stance
user_11093	user_6173	closed	stance
user_2739	user_6173	closed	stance
user_35593	user_10013	far	stance
user_35593	user_30455	far	stance
user_35593	user_1669	far	stance
user_35593	user_18582	far	stance
user_35593	user_16420	far	stance
user_35593	user_36066	far	stance
user_35593	user_29845	far	stance
user_35593	user_4091	far	stance
user_15492	user_10013	far	stance
user_15492	user_30455	far	stance
user_15492	user_1669	far	stance
user_15492	user_18582	far	stance
user_15492	user_16420	far	stance
user_15492	user_36066	far	stance
user_15492	user_29845	far	stance
user_15492	user_4091	far	stance
user_13061	user_10013	far	stance
user_13061	user_30455	far	stance
user_13061	user_1669	far	stance
user_13061	user_18582	far	stance
user_13061	user_16420	far	stance
user_13061	user_36066	far	stance
user_13061	user_29845	far	stance
user_13061	user_4091	far	stance
user_4703	user_10013	far	stance
user_4703	user_30455	far	stance
user_4703	user_1669	far	stance
user_4703	user_18582	far	stance
user_4703	user_16420	far	stance
user_4703	user_36066	far	stance
user_4703	user_29845	far	stance
user_4703	user_4091	far	stance
user_24393	user_10013	far	stance
user_24393	user_30455	far	stance
user_24393	user_1669	far	stance
user_24393	user_18582	far	stance
user_24393	user_16420	far	stance
user_24393	user_36066	far	stance
user_24393	user_29845	far	stance
user_24393	user_4091	far	stance
user_27001	user_10013	far	stance
user_27001	user_30455	far	stance
user_27001	user_1669	far	stance
user_27001	user_18582	far	stance
user_27001	user_16420	far	stance
user_27001	user_36066	far	stance
user_27001	user_29845	far	stance
user_27001	user_4091	far	stance
user_13099	user_10013	far	stance
user_13099	user_30455	far	stance
user_13099	user_1669	far	stance
user_13099	user_18582	far	stance
user_13099	user_16420	far	stance
user_13099	user_36066	far	stance
user_13099	user_29845	far	stance
user_13099	user_4091	far	stance
user_19119	user_10013	far	stance
user_19119	user_30455	far	stance
user_19119	user_1669	far	stance
user_19119	user_18582	far	stance
user_19119	user_16420	far	stance
user_19119	user_36066	far	stance
user_19119	user_29845	far	stance
user_19119	user_4091	far	stance
user_11093	user_10013	far	stance
user_11093	user_30455	far	stance
user_11093	user_1669	far	stance
user_11093	user_18582	far	stance
user_11093	user_16420	far	stance
user_11093	user_36066	far	stance
user_11093	user_29845	far	stance
user_11093	user_4091	far	stance
user_2739	user_10013	far	stance
user_2739	user_30455	far	stance
user_2739	user_1669	far	stance
user_2739	user_18582	far	stance
user_2739	user_16420	far	stance
user_2739	user_36066	far	stance
user_2739	user_29845	far	stance
user_2739	user_4091	far	stance
user_6173	user_10013	far	stance
user_6173	user_30455	far	stance
user_6173	user_1669	far	stance
user_6173	user_18582	far	stance
user_6173	user_16420	far	stance
user_6173	user_36066	far	stance
user_6173	user_29845	far	stance
user_6173	user_4091	far	stance
user_10013	user_30455	closed	stance
user_10013	user_1669	closed	stance
user_10013	user_18582	closed	stance
user_10013	user_16420	closed	stance
user_10013	user_36066	closed	stance
user_10013	user_29845	closed	stance
user_10013	user_4091	closed	stance
user_30455	user_1669	closed	stance
user_30455	user_18582	closed	stance
user_30455	user_16420	closed	stance
user_30455	user_36066	closed	stance
user_30455	user_29845	closed	stance
user_30455	user_4091	closed	stance
user_1669	user_18582	closed	stance
user_1669	user_16420	closed	stance
user_1669	user_36066	closed	stance
user_1669	user_29845	closed	stance
user_1669	user_4091	closed	stance
user_18582	user_16420	closed	stance
user_18582	user_36066	closed	stance
user_18582	user_29845	closed	stance
user_18582	user_4091	closed	stance
user_16420	user_36066	closed	stance
user_16420	user_29845	closed	stance
user_16420	user_4091	closed	stance
user_36066	user_29845	closed	stance
user_36066	user_4091	closed	stance
user_29845	user_4091	closed	stance
user_10013	user_35593	far	stance
user_10013	user_15492	far	stance
user_10013	user_13061	far	stance
user_10013	user_4703	far	stance
user_10013	user_24393	far	stance
user_10013	user_27001	far	stance
user_10013	user_13099	far	stance
user_10013	user_19119	far	stance
user_10013	user_11093	far	stance
user_10013	user_2739	far	stance
user_10013	user_6173	far	stance
user_30455	user_35593	far	stance
user_30455	user_15492	far	stance
user_30455	user_13061	far	stance
user_30455	user_4703	far	stance
user_30455	user_24393	far	stance
user_30455	user_27001	far	stance
user_30455	user_13099	far	stance
user_30455	user_19119	far	stance
user_30455	user_11093	far	stance
user_30455	user_2739	far	stance
user_30455	user_6173	far	stance
user_1669	user_35593	far	stance
user_1669	user_15492	far	stance
user_1669	user_13061	far	stance
user_1669	user_4703	far	stance
user_1669	user_24393	far	stance
user_1669	user_27001	far	stance
user_1669	user_13099	far	stance
user_1669	user_19119	far	stance
user_1669	user_11093	far	stance
user_1669	user_2739	far	stance
user_1669	user_6173	far	stance
user_18582	user_35593	far	stance
user_18582	user_15492	far	stance
user_18582	user_13061	far	stance
user_18582	user_4703	far	stance
user_18582	user_24393	far	stance
user_18582	user_27001	far	stance
user_18582	user_13099	far	stance
user_18582	user_19119	far	stance
user_18582	user_11093	far	stance
user_18582	user_2739	far	stance
user_18582	user_6173	far	stance
user_16420	user_35593	far	stance
user_16420	user_15492	far	stance
user_16420	user_13061	far	stance
user_16420	user_4703	far	stance
user_16420	user_24393	far	stance
user_16420	user_27001	far	stance
user_16420	user_13099	far	stance
user_16420	user_19119	far	stance
user_16420	user_11093	far	stance
user_16420	user_2739	far	stance
user_16420	user_6173	far	stance
user_36066	user_35593	far	stance
user_36066	user_15492	far	stance
user_36066	user_13061	far	stance
user_36066	user_4703	far	stance
user_36066	user_24393	far	stance
user_36066	user_27001	far	stance
user_36066	user_13099	far	stance
user_36066	user_19119	far	stance
user_36066	user_11093	far	stance
user_36066	user_2739	far	stance
user_36066	user_6173	far	stance
user_29845	user_35593	far	stance
user_29845	user_15492	far	stance
user_29845	user_13061	far	stance
user_29845	user_4703	far	stance
user_29845	user_24393	far	stance
user_29845	user_27001	far	stance
user_29845	user_13099	far	stance
user_29845	user_19119	far	stance
user_29845	user_11093	far	stance
user_29845	user_2739	far	stance
user_29845	user_6173	far	stance
user_4091	user_35593	far	stance
user_4091	user_15492	far	stance
user_4091	user_13061	far	stance
user_4091	user_4703	far	stance
user_4091	user_24393	far	stance
user_4091	user_27001	far	stance
user_4091	user_13099	far	stance
user_4091	user_19119	far	stance
user_4091	user_11093	far	stance
user_4091	user_2739	far	stance
user_4091	user_6173	far	stance
user_32042	user_12641	closed	stance
user_32042	user_1083	closed	stance
user_32042	user_8783	closed	stance
user_32042	user_14210	closed	stance
user_32042	user_6664	closed	stance
user_32042	user_9095	closed	stance
user_32042	user_9093	closed	stance
user_32042	user_6136	closed	stance
user_32042	user_24923	closed	stance
user_32042	user_7750	closed	stance
user_32042	user_50775	closed	stance
user_12641	user_1083	closed	stance
user_12641	user_8783	closed	stance
user_12641	user_14210	closed	stance
user_12641	user_6664	closed	stance
user_12641	user_9095	closed	stance
user_12641	user_9093	closed	stance
user_12641	user_6136	closed	stance
user_12641	user_24923	closed	stance
user_12641	user_7750	closed	stance
user_12641	user_50775	closed	stance
user_1083	user_8783	closed	stance
user_1083	user_14210	closed	stance
user_1083	user_6664	closed	stance
user_1083	user_9095	closed	stance
user_1083	user_9093	closed	stance
user_1083	user_6136	closed	stance
user_1083	user_24923	closed	stance
user_1083	user_7750	closed	stance
user_1083	user_50775	closed	stance
user_8783	user_14210	closed	stance
user_8783	user_6664	closed	stance
user_8783	user_9095	closed	stance
user_8783	user_9093	closed	stance
user_8783	user_6136	closed	stance
user_8783	user_24923	closed	stance
user_8783	user_7750	closed	stance
user_8783	user_50775	closed	stance
user_14210	user_6664	closed	stance
user_14210	user_9095	closed	stance
user_14210	user_9093	closed	stance
user_14210	user_6136	closed	stance
user_14210	user_24923	closed	stance
user_14210	user_7750	closed	stance
user_14210	user_50775	closed	stance
user_6664	user_9095	closed	stance
user_6664	user_9093	closed	stance
user_6664	user_6136	closed	stance
user_6664	user_24923	closed	stance
user_6664	user_7750	closed	stance
user_6664	user_50775	closed	stance
user_9095	user_9093	closed	stance
user_9095	user_6136	closed	stance
user_9095	user_24923	closed	stance
user_9095	user_7750	closed	stance
user_9095	user_50775	closed	stance
user_9093	user_6136	closed	stance
user_9093	user_24923	closed	stance
user_9093	user_7750	closed	stance
user_9093	user_50775	closed	stance
user_6136	user_24923	closed	stance
user_6136	user_7750	closed	stance
user_6136	user_50775	closed	stance
user_24923	user_7750	closed	stance
user_24923	user_50775	closed	stance
user_7750	user_50775	closed	stance
user_15833	user_29172	closed	stance
user_15833	user_41265	closed	stance
user_15833	user_25038	closed	stance
user_15833	user_226	closed	stance
user_15833	user_23007	closed	stance
user_15833	user_19175	closed	stance
user_15833	user_16484	closed	stance
user_15833	user_35973	closed	stance
user_15833	user_9913	closed	stance
user_15833	user_40657	closed	stance
user_15833	user_28632	closed	stance
user_15833	user_7785	closed	stance
user_15833	user_14302	closed	stance
user_15833	user_23296	closed	stance
user_15833	user_2065	closed	stance
user_15833	user_44050	closed	stance
user_15833	user_42618	closed	stance
user_15833	user_41998	closed	stance
user_29172	user_41265	closed	stance
user_29172	user_25038	closed	stance
user_29172	user_226	closed	stance
user_29172	user_23007	closed	stance
user_29172	user_19175	closed	stance
user_29172	user_16484	closed	stance
user_29172	user_35973	closed	stance
user_29172	user_9913	closed	stance
user_29172	user_40657	closed	stance
user_29172	user_28632	closed	stance
user_29172	user_7785	closed	stance
user_29172	user_14302	closed	stance
user_29172	user_23296	closed	stance
user_29172	user_2065	closed	stance
user_29172	user_44050	closed	stance
user_29172	user_42618	closed	stance
user_29172	user_41998	closed	stance
user_41265	user_25038	closed	stance
user_41265	user_226	closed	stance
user_41265	user_23007	closed	stance
user_41265	user_19175	closed	stance
user_41265	user_16484	closed	stance
user_41265	user_35973	closed	stance
user_41265	user_9913	closed	stance
user_41265	user_40657	closed	stance
user_41265	user_28632	closed	stance
user_41265	user_7785	closed	stance
user_41265	user_14302	closed	stance
user_41265	user_23296	closed	stance
user_41265	user_2065	closed	stance
user_41265	user_44050	closed	stance
user_41265	user_42618	closed	stance
user_41265	user_41998	closed	stance
user_25038	user_226	closed	stance
user_25038	user_23007	closed	stance
user_25038	user_19175	closed	stance
user_25038	user_16484	closed	stance
user_25038	user_35973	closed	stance
user_25038	user_9913	closed	stance
user_25038	user_40657	closed	stance
user_25038	user_28632	closed	stance
user_25038	user_7785	closed	stance
user_25038	user_14302	closed	stance
user_25038	user_23296	closed	stance
user_25038	user_2065	closed	stance
user_25038	user_44050	closed	stance
user_25038	user_42618	closed	stance
user_25038	user_41998	closed	stance
user_226	user_23007	closed	stance
user_226	user_19175	closed	stance
user_226	user_16484	closed	stance
user_226	user_35973	closed	stance
user_226	user_9913	closed	stance
user_226	user_40657	closed	stance
user_226	user_28632	closed	stance
user_226	user_7785	closed	stance
user_226	user_14302	closed	stance
user_226	user_23296	closed	stance
user_226	user_2065	closed	stance
user_226	user_44050	closed	stance
user_226	user_42618	closed	stance
user_226	user_41998	closed	stance
user_23007	user_19175	closed	stance
user_23007	user_16484	closed	stance
user_23007	user_35973	closed	stance
user_23007	user_9913	closed	stance
user_23007	user_40657	closed	stance
user_23007	user_28632	closed	stance
user_23007	user_7785	closed	stance
user_23007	user_14302	closed	stance
user_23007	user_23296	closed	stance
user_23007	user_2065	closed	stance
user_23007	user_44050	closed	stance
user_23007	user_42618	closed	stance
user_23007	user_41998	closed	stance
user_19175	user_16484	closed	stance
user_19175	user_35973	closed	stance
user_19175	user_9913	closed	stance
user_19175	user_40657	closed	stance
user_19175	user_28632	closed	stance
user_19175	user_7785	closed	stance
user_19175	user_14302	closed	stance
user_19175	user_23296	closed	stance
user_19175	user_2065	closed	stance
user_19175	user_44050	closed	stance
user_19175	user_42618	closed	stance
user_19175	user_41998	closed	stance
user_16484	user_35973	closed	stance
user_16484	user_9913	closed	stance
user_16484	user_40657	closed	stance
user_16484	user_28632	closed	stance
user_16484	user_7785	closed	stance
user_16484	user_14302	closed	stance
user_16484	user_23296	closed	stance
user_16484	user_2065	closed	stance
user_16484	user_44050	closed	stance
user_16484	user_42618	closed	stance
user_16484	user_41998	closed	stance
user_35973	user_9913	closed	stance
user_35973	user_40657	closed	stance
user_35973	user_28632	closed	stance
user_35973	user_7785	closed	stance
user_35973	user_14302	closed	stance
user_35973	user_23296	closed	stance
user_35973	user_2065	closed	stance
user_35973	user_44050	closed	stance
user_35973	user_42618	closed	stance
user_35973	user_41998	closed	stance
user_9913	user_40657	closed	stance
user_9913	user_28632	closed	stance
user_9913	user_7785	closed	stance
user_9913	user_14302	closed	stance
user_9913	user_23296	closed	stance
user_9913	user_2065	closed	stance
user_9913	user_44050	closed	stance
user_9913	user_42618	closed	stance
user_9913	user_41998	closed	stance
user_40657	user_28632	closed	stance
user_40657	user_7785	closed	stance
user_40657	user_14302	closed	stance
user_40657	user_23296	closed	stance
user_40657	user_2065	closed	stance
user_40657	user_44050	closed	stance
user_40657	user_42618	closed	stance
user_40657	user_41998	closed	stance
user_28632	user_7785	closed	stance
user_28632	user_14302	closed	stance
user_28632	user_23296	closed	stance
user_28632	user_2065	closed	stance
user_28632	user_44050	closed	stance
user_28632	user_42618	closed	stance
user_28632	user_41998	closed	stance
user_7785	user_14302	closed	stance
user_7785	user_23296	closed	stance
user_7785	user_2065	closed	stance
user_7785	user_44050	closed	stance
user_7785	user_42618	closed	stance
user_7785	user_41998	closed	stance
user_14302	user_23296	closed	stance
user_14302	user_2065	closed	stance
user_14302	user_44050	closed	stance
user_14302	user_42618	closed	stance
user_14302	user_41998	closed	stance
user_23296	user_2065	closed	stance
user_23296	user_44050	closed	stance
user_23296	user_42618	closed	stance
user_23296	user_41998	closed	stance
user_2065	user_44050	closed	stance
user_2065	user_42618	closed	stance
user_2065	user_41998	closed	stance
user_44050	user_42618	closed	stance
user_44050	user_41998	closed	stance
user_42618	user_41998	closed	stance
user_15833	user_22346	far	stance
user_29172	user_22346	far	stance
user_41265	user_22346	far	stance
user_25038	user_22346	far	stance
user_226	user_22346	far	stance
user_23007	user_22346	far	stance
user_19175	user_22346	far	stance
user_16484	user_22346	far	stance
user_35973	user_22346	far	stance
user_9913	user_22346	far	stance
user_40657	user_22346	far	stance
user_28632	user_22346	far	stance
user_7785	user_22346	far	stance
user_14302	user_22346	far	stance
user_23296	user_22346	far	stance
user_2065	user_22346	far	stance
user_44050	user_22346	far	stance
user_42618	user_22346	far	stance
user_41998	user_22346	far	stance
user_22346	user_15833	far	stance
user_22346	user_29172	far	stance
user_22346	user_41265	far	stance
user_22346	user_25038	far	stance
user_22346	user_226	far	stance
user_22346	user_23007	far	stance
user_22346	user_19175	far	stance
user_22346	user_16484	far	stance
user_22346	user_35973	far	stance
user_22346	user_9913	far	stance
user_22346	user_40657	far	stance
user_22346	user_28632	far	stance
user_22346	user_7785	far	stance
user_22346	user_14302	far	stance
user_22346	user_23296	far	stance
user_22346	user_2065	far	stance
user_22346	user_44050	far	stance
user_22346	user_42618	far	stance
user_22346	user_41998	far	stance
user_48409	user_8202	closed	stance
user_48409	user_22554	closed	stance
user_48409	user_12089	closed	stance
user_48409	user_7039	closed	stance
user_48409	user_3596	closed	stance
user_48409	user_23821	closed	stance
user_48409	user_17953	closed	stance
user_48409	user_31098	closed	stance
user_48409	user_42655	closed	stance
user_48409	user_33098	closed	stance
user_48409	user_33084	closed	stance
user_48409	user_16178	closed	stance
user_48409	user_22783	closed	stance
user_48409	user_47643	closed	stance
user_48409	user_19270	closed	stance
user_48409	user_27188	closed	stance
user_48409	user_14028	closed	stance
user_8202	user_22554	closed	stance
user_8202	user_12089	closed	stance
user_8202	user_7039	closed	stance
user_8202	user_3596	closed	stance
user_8202	user_23821	closed	stance
user_8202	user_17953	closed	stance
user_8202	user_31098	closed	stance
user_8202	user_42655	closed	stance
user_8202	user_33098	closed	stance
user_8202	user_33084	closed	stance
user_8202	user_16178	closed	stance
user_8202	user_22783	closed	stance
user_8202	user_47643	closed	stance
user_8202	user_19270	closed	stance
user_8202	user_27188	closed	stance
user_8202	user_14028	closed	stance
user_22554	user_12089	closed	stance
user_22554	user_7039	closed	stance
user_22554	user_3596	closed	stance
user_22554	user_23821	closed	stance
user_22554	user_17953	closed	stance
user_22554	user_31098	closed	stance
user_22554	user_42655	closed	stance
user_22554	user_33098	closed	stance
user_22554	user_33084	closed	stance
user_22554	user_16178	closed	stance
user_22554	user_22783	closed	stance
user_22554	user_47643	closed	stance
user_22554	user_19270	closed	stance
user_22554	user_27188	closed	stance
user_22554	user_14028	closed	stance
user_12089	user_7039	closed	stance
user_12089	user_3596	closed	stance
user_12089	user_23821	closed	stance
user_12089	user_17953	closed	stance
user_12089	user_31098	closed	stance
user_12089	user_42655	closed	stance
user_12089	user_33098	closed	stance
user_12089	user_33084	closed	stance
user_12089	user_16178	closed	stance
user_12089	user_22783	closed	stance
user_12089	user_47643	closed	stance
user_12089	user_19270	closed	stance
user_12089	user_27188	closed	stance
user_12089	user_14028	closed	stance
user_7039	user_3596	closed	stance
user_7039	user_23821	closed	stance
user_7039	user_17953	closed	stance
user_7039	user_31098	closed	stance
user_7039	user_42655	closed	stance
user_7039	user_33098	closed	stance
user_7039	user_33084	closed	stance
user_7039	user_16178	closed	stance
user_7039	user_22783	closed	stance
user_7039	user_47643	closed	stance
user_7039	user_19270	closed	stance
user_7039	user_27188	closed	stance
user_7039	user_14028	closed	stance
user_3596	user_23821	closed	stance
user_3596	user_17953	closed	stance
user_3596	user_31098	closed	stance
user_3596	user_42655	closed	stance
user_3596	user_33098	closed	stance
user_3596	user_33084	closed	stance
user_3596	user_16178	closed	stance
user_3596	user_22783	closed	stance
user_3596	user_47643	closed	stance
user_3596	user_19270	closed	stance
user_3596	user_27188	closed	stance
user_3596	user_14028	closed	stance
user_23821	user_17953	closed	stance
user_23821	user_31098	closed	stance
user_23821	user_42655	closed	stance
user_23821	user_33098	closed	stance
user_23821	user_33084	closed	stance
user_23821	user_16178	closed	stance
user_23821	user_22783	closed	stance
user_23821	user_47643	closed	stance
user_23821	user_19270	closed	stance
user_23821	user_27188	closed	stance
user_23821	user_14028	closed	stance
user_17953	user_31098	closed	stance
user_17953	user_42655	closed	stance
user_17953	user_33098	closed	stance
user_17953	user_33084	closed	stance
user_17953	user_16178	closed	stance
user_17953	user_22783	closed	stance
user_17953	user_47643	closed	stance
user_17953	user_19270	closed	stance
user_17953	user_27188	closed	stance
user_17953	user_14028	closed	stance
user_31098	user_42655	closed	stance
user_31098	user_33098	closed	stance
user_31098	user_33084	closed	stance
user_31098	user_16178	closed	stance
user_31098	user_22783	closed	stance
user_31098	user_47643	closed	stance
user_31098	user_19270	closed	stance
user_31098	user_27188	closed	stance
user_31098	user_14028	closed	stance
user_42655	user_33098	closed	stance
user_42655	user_33084	closed	stance
user_42655	user_16178	closed	stance
user_42655	user_22783	closed	stance
user_42655	user_47643	closed	stance
user_42655	user_19270	closed	stance
user_42655	user_27188	closed	stance
user_42655	user_14028	closed	stance
user_33098	user_33084	closed	stance
user_33098	user_16178	closed	stance
user_33098	user_22783	closed	stance
user_33098	user_47643	closed	stance
user_33098	user_19270	closed	stance
user_33098	user_27188	closed	stance
user_33098	user_14028	closed	stance
user_33084	user_16178	closed	stance
user_33084	user_22783	closed	stance
user_33084	user_47643	closed	stance
user_33084	user_19270	closed	stance
user_33084	user_27188	closed	stance
user_33084	user_14028	closed	stance
user_16178	user_22783	closed	stance
user_16178	user_47643	closed	stance
user_16178	user_19270	closed	stance
user_16178	user_27188	closed	stance
user_16178	user_14028	closed	stance
user_22783	user_47643	closed	stance
user_22783	user_19270	closed	stance
user_22783	user_27188	closed	stance
user_22783	user_14028	closed	stance
user_47643	user_19270	closed	stance
user_47643	user_27188	closed	stance
user_47643	user_14028	closed	stance
user_19270	user_27188	closed	stance
user_19270	user_14028	closed	stance
user_27188	user_14028	closed	stance
user_48409	user_42598	far	stance
user_48409	user_41413	far	stance
user_48409	user_13342	far	stance
user_48409	user_31249	far	stance
user_48409	user_41550	far	stance
user_48409	user_9093	far	stance
user_48409	user_35944	far	stance
user_8202	user_42598	far	stance
user_8202	user_41413	far	stance
user_8202	user_13342	far	stance
user_8202	user_31249	far	stance
user_8202	user_41550	far	stance
user_8202	user_9093	far	stance
user_8202	user_35944	far	stance
user_22554	user_42598	far	stance
user_22554	user_41413	far	stance
user_22554	user_13342	far	stance
user_22554	user_31249	far	stance
user_22554	user_41550	far	stance
user_22554	user_9093	far	stance
user_22554	user_35944	far	stance
user_12089	user_42598	far	stance
user_12089	user_41413	far	stance
user_12089	user_13342	far	stance
user_12089	user_31249	far	stance
user_12089	user_41550	far	stance
user_12089	user_9093	far	stance
user_12089	user_35944	far	stance
user_7039	user_42598	far	stance
user_7039	user_41413	far	stance
user_7039	user_13342	far	stance
user_7039	user_31249	far	stance
user_7039	user_41550	far	stance
user_7039	user_9093	far	stance
user_7039	user_35944	far	stance
user_3596	user_42598	far	stance
user_3596	user_41413	far	stance
user_3596	user_13342	far	stance
user_3596	user_31249	far	stance
user_3596	user_41550	far	stance
user_3596	user_9093	far	stance
user_3596	user_35944	far	stance
user_23821	user_42598	far	stance
user_23821	user_41413	far	stance
user_23821	user_13342	far	stance
user_23821	user_31249	far	stance
user_23821	user_41550	far	stance
user_23821	user_9093	far	stance
user_23821	user_35944	far	stance
user_17953	user_42598	far	stance
user_17953	user_41413	far	stance
user_17953	user_13342	far	stance
user_17953	user_31249	far	stance
user_17953	user_41550	far	stance
user_17953	user_9093	far	stance
user_17953	user_35944	far	stance
user_31098	user_42598	far	stance
user_31098	user_41413	far	stance
user_31098	user_13342	far	stance
user_31098	user_31249	far	stance
user_31098	user_41550	far	stance
user_31098	user_9093	far	stance
user_31098	user_35944	far	stance
user_42655	user_42598	far	stance
user_42655	user_41413	far	stance
user_42655	user_13342	far	stance
user_42655	user_31249	far	stance
user_42655	user_41550	far	stance
user_42655	user_9093	far	stance
user_42655	user_35944	far	stance
user_33098	user_42598	far	stance
user_33098	user_41413	far	stance
user_33098	user_13342	far	stance
user_33098	user_31249	far	stance
user_33098	user_41550	far	stance
user_33098	user_9093	far	stance
user_33098	user_35944	far	stance
user_33084	user_42598	far	stance
user_33084	user_41413	far	stance
user_33084	user_13342	far	stance
user_33084	user_31249	far	stance
user_33084	user_41550	far	stance
user_33084	user_9093	far	stance
user_33084	user_35944	far	stance
user_16178	user_42598	far	stance
user_16178	user_41413	far	stance
user_16178	user_13342	far	stance
user_16178	user_31249	far	stance
user_16178	user_41550	far	stance
user_16178	user_9093	far	stance
user_16178	user_35944	far	stance
user_22783	user_42598	far	stance
user_22783	user_41413	far	stance
user_22783	user_13342	far	stance
user_22783	user_31249	far	stance
user_22783	user_41550	far	stance
user_22783	user_9093	far	stance
user_22783	user_35944	far	stance
user_47643	user_42598	far	stance
user_47643	user_41413	far	stance
user_47643	user_13342	far	stance
user_47643	user_31249	far	stance
user_47643	user_41550	far	stance
user_47643	user_9093	far	stance
user_47643	user_35944	far	stance
user_19270	user_42598	far	stance
user_19270	user_41413	far	stance
user_19270	user_13342	far	stance
user_19270	user_31249	far	stance
user_19270	user_41550	far	stance
user_19270	user_9093	far	stance
user_19270	user_35944	far	stance
user_27188	user_42598	far	stance
user_27188	user_41413	far	stance
user_27188	user_13342	far	stance
user_27188	user_31249	far	stance
user_27188	user_41550	far	stance
user_27188	user_9093	far	stance
user_27188	user_35944	far	stance
user_14028	user_42598	far	stance
user_14028	user_41413	far	stance
user_14028	user_13342	far	stance
user_14028	user_31249	far	stance
user_14028	user_41550	far	stance
user_14028	user_9093	far	stance
user_14028	user_35944	far	stance
user_42598	user_41413	closed	stance
user_42598	user_13342	closed	stance
user_42598	user_31249	closed	stance
user_42598	user_41550	closed	stance
user_42598	user_9093	closed	stance
user_42598	user_35944	closed	stance
user_41413	user_13342	closed	stance
user_41413	user_31249	closed	stance
user_41413	user_41550	closed	stance
user_41413	user_9093	closed	stance
user_41413	user_35944	closed	stance
user_13342	user_31249	closed	stance
user_13342	user_41550	closed	stance
user_13342	user_9093	closed	stance
user_13342	user_35944	closed	stance
user_31249	user_41550	closed	stance
user_31249	user_9093	closed	stance
user_31249	user_35944	closed	stance
user_41550	user_9093	closed	stance
user_41550	user_35944	closed	stance
user_9093	user_35944	closed	stance
user_42598	user_48409	far	stance
user_42598	user_8202	far	stance
user_42598	user_22554	far	stance
user_42598	user_12089	far	stance
user_42598	user_7039	far	stance
user_42598	user_3596	far	stance
user_42598	user_23821	far	stance
user_42598	user_17953	far	stance
user_42598	user_31098	far	stance
user_42598	user_42655	far	stance
user_42598	user_33098	far	stance
user_42598	user_33084	far	stance
user_42598	user_16178	far	stance
user_42598	user_22783	far	stance
user_42598	user_47643	far	stance
user_42598	user_19270	far	stance
user_42598	user_27188	far	stance
user_42598	user_14028	far	stance
user_41413	user_48409	far	stance
user_41413	user_8202	far	stance
user_41413	user_22554	far	stance
user_41413	user_12089	far	stance
user_41413	user_7039	far	stance
user_41413	user_3596	far	stance
user_41413	user_23821	far	stance
user_41413	user_17953	far	stance
user_41413	user_31098	far	stance
user_41413	user_42655	far	stance
user_41413	user_33098	far	stance
user_41413	user_33084	far	stance
user_41413	user_16178	far	stance
user_41413	user_22783	far	stance
user_41413	user_47643	far	stance
user_41413	user_19270	far	stance
user_41413	user_27188	far	stance
user_41413	user_14028	far	stance
user_13342	user_48409	far	stance
user_13342	user_8202	far	stance
user_13342	user_22554	far	stance
user_13342	user_12089	far	stance
user_13342	user_7039	far	stance
user_13342	user_3596	far	stance
user_13342	user_23821	far	stance
user_13342	user_17953	far	stance
user_13342	user_31098	far	stance
user_13342	user_42655	far	stance
user_13342	user_33098	far	stance
user_13342	user_33084	far	stance
user_13342	user_16178	far	stance
user_13342	user_22783	far	stance
user_13342	user_47643	far	stance
user_13342	user_19270	far	stance
user_13342	user_27188	far	stance
user_13342	user_14028	far	stance
user_31249	user_48409	far	stance
user_31249	user_8202	far	stance
user_31249	user_22554	far	stance
user_31249	user_12089	far	stance
user_31249	user_7039	far	stance
user_31249	user_3596	far	stance
user_31249	user_23821	far	stance
user_31249	user_17953	far	stance
user_31249	user_31098	far	stance
user_31249	user_42655	far	stance
user_31249	user_33098	far	stance
user_31249	user_33084	far	stance
user_31249	user_16178	far	stance
user_31249	user_22783	far	stance
user_31249	user_47643	far	stance
user_31249	user_19270	far	stance
user_31249	user_27188	far	stance
user_31249	user_14028	far	stance
user_41550	user_48409	far	stance
user_41550	user_8202	far	stance
user_41550	user_22554	far	stance
user_41550	user_12089	far	stance
user_41550	user_7039	far	stance
user_41550	user_3596	far	stance
user_41550	user_23821	far	stance
user_41550	user_17953	far	stance
user_41550	user_31098	far	stance
user_41550	user_42655	far	stance
user_41550	user_33098	far	stance
user_41550	user_33084	far	stance
user_41550	user_16178	far	stance
user_41550	user_22783	far	stance
user_41550	user_47643	far	stance
user_41550	user_19270	far	stance
user_41550	user_27188	far	stance
user_41550	user_14028	far	stance
user_9093	user_48409	far	stance
user_9093	user_8202	far	stance
user_9093	user_22554	far	stance
user_9093	user_12089	far	stance
user_9093	user_7039	far	stance
user_9093	user_3596	far	stance
user_9093	user_23821	far	stance
user_9093	user_17953	far	stance
user_9093	user_31098	far	stance
user_9093	user_42655	far	stance
user_9093	user_33098	far	stance
user_9093	user_33084	far	stance
user_9093	user_16178	far	stance
user_9093	user_22783	far	stance
user_9093	user_47643	far	stance
user_9093	user_19270	far	stance
user_9093	user_27188	far	stance
user_9093	user_14028	far	stance
user_35944	user_48409	far	stance
user_35944	user_8202	far	stance
user_35944	user_22554	far	stance
user_35944	user_12089	far	stance
user_35944	user_7039	far	stance
user_35944	user_3596	far	stance
user_35944	user_23821	far	stance
user_35944	user_17953	far	stance
user_35944	user_31098	far	stance
user_35944	user_42655	far	stance
user_35944	user_33098	far	stance
user_35944	user_33084	far	stance
user_35944	user_16178	far	stance
user_35944	user_22783	far	stance
user_35944	user_47643	far	stance
user_35944	user_19270	far	stance
user_35944	user_27188	far	stance
user_35944	user_14028	far	stance
news_politifact239	news_politifact8085	closed	stance
news_E456	news_politifact8221	closed	stance
news_politifact239	news_politifact8152	far	stance
news_politifact8152	news_politifact239	far	stance
news_politifact15037	news_politifact14841	closed	stance
news_politifact304	news_politifact181	closed	stance
news_politifact239	news_pheme_375	closed	stance
news_pheme_56	news_pheme_388	closed	stance
news_pheme_56	news_pheme_71	closed	stance
news_pheme_388	news_pheme_71	closed	stance
news_politifact14896	news_politifact14839	far	stance
news_politifact14839	news_politifact14896	far	stance
news_politifact2758	news_E486	far	stance
news_politifact2758	news_E49	far	stance
news_E486	news_E49	closed	stance
news_E486	news_politifact2758	far	stance
news_E49	news_politifact2758	far	stance
news_pheme_172	news_pheme_234	closed	stance
news_politifact12721	news_politifact12801	closed	stance
news_politifact12773	news_politifact368	far	stance
news_politifact368	news_politifact12773	far	stance
news_politifact2758	news_politifact31	closed	stance
news_E167	news_E52	closed	stance
news_E167	news_E435	closed	stance
news_E167	news_E65	closed	stance
news_E52	news_E435	closed	stance
news_E52	news_E65	closed	stance
news_E435	news_E65	closed	stance
news_E167	news_E445	far	stance
news_E167	news_E105	far	stance
news_E167	news_E175	far	stance
news_E167	news_E75	far	stance
news_E167	news_E223	far	stance
news_E167	news_E392	far	stance
news_E167	news_E48	far	stance
news_E167	news_E121	far	stance
news_E167	news_E380	far	stance
news_E167	news_E133	far	stance
news_E167	news_E28	far	stance
news_E167	news_E82	far	stance
news_E167	news_E244	far	stance
news_E167	news_E528	far	stance
news_E167	news_E89	far	stance
news_E52	news_E445	far	stance
news_E52	news_E105	far	stance
news_E52	news_E175	far	stance
news_E52	news_E75	far	stance
news_E52	news_E223	far	stance
news_E52	news_E392	far	stance
news_E52	news_E48	far	stance
news_E52	news_E121	far	stance
news_E52	news_E380	far	stance
news_E52	news_E133	far	stance
news_E52	news_E28	far	stance
news_E52	news_E82	far	stance
news_E52	news_E244	far	stance
news_E52	news_E528	far	stance
news_E52	news_E89	far	stance
news_E435	news_E445	far	stance
news_E435	news_E105	far	stance
news_E435	news_E175	far	stance
news_E435	news_E75	far	stance
news_E435	news_E223	far	stance
news_E435	news_E392	far	stance
news_E435	news_E48	far	stance
news_E435	news_E121	far	stance
news_E435	news_E380	far	stance
news_E435	news_E133	far	stance
news_E435	news_E28	far	stance
news_E435	news_E82	far	stance
news_E435	news_E244	far	stance
news_E435	news_E528	far	stance
news_E435	news_E89	far	stance
news_E65	news_E445	far	stance
news_E65	news_E105	far	stance
news_E65	news_E175	far	stance
news_E65	news_E75	far	stance
news_E65	news_E223	far	stance
news_E65	news_E392	far	stance
news_E65	news_E48	far	stance
news_E65	news_E121	far	stance
news_E65	news_E380	far	stance
news_E65	news_E133	far	stance
news_E65	news_E28	far	stance
news_E65	news_E82	far	stance
news_E65	news_E244	far	stance
news_E65	news_E528	far	stance
news_E65	news_E89	far	stance
news_E445	news_E105	closed	stance
news_E445	news_E175	closed	stance
news_E445	news_E75	closed	stance
news_E445	news_E223	closed	stance
news_E445	news_E392	closed	stance
news_E445	news_E48	closed	stance
news_E445	news_E121	closed	stance
news_E445	news_E380	closed	stance
news_E445	news_E133	closed	stance
news_E445	news_E28	closed	stance
news_E445	news_E82	closed	stance
news_E445	news_E244	closed	stance
news_E445	news_E528	closed	stance
news_E445	news_E89	closed	stance
news_E105	news_E175	closed	stance
news_E105	news_E75	closed	stance
news_E105	news_E223	closed	stance
news_E105	news_E392	closed	stance
news_E105	news_E48	closed	stance
news_E105	news_E121	closed	stance
news_E105	news_E380	closed	stance
news_E105	news_E133	closed	stance
news_E105	news_E28	closed	stance
news_E105	news_E82	closed	stance
news_E105	news_E244	closed	stance
news_E105	news_E528	closed	stance
news_E105	news_E89	closed	stance
news_E175	news_E75	closed	stance
news_E175	news_E223	closed	stance
news_E175	news_E392	closed	stance
news_E175	news_E48	closed	stance
news_E175	news_E121	closed	stance
news_E175	news_E380	closed	stance
news_E175	news_E133	closed	stance
news_E175	news_E28	closed	stance
news_E175	news_E82	closed	stance
news_E175	news_E244	closed	stance
news_E175	news_E528	closed	stance
news_E175	news_E89	closed	stance
news_E75	news_E223	closed	stance
news_E75	news_E392	closed	stance
news_E75	news_E48	closed	stance
news_E75	news_E121	closed	stance
news_E75	news_E380	closed	stance
news_E75	news_E133	closed	stance
news_E75	news_E28	closed	stance
news_E75	news_E82	closed	stance
news_E75	news_E244	closed	stance
news_E75	news_E528	closed	stance
news_E75	news_E89	closed	stance
news_E223	news_E392	closed	stance
news_E223	news_E48	closed	stance
news_E223	news_E121	closed	stance
news_E223	news_E380	closed	stance
news_E223	news_E133	closed	stance
news_E223	news_E28	closed	stance
news_E223	news_E82	closed	stance
news_E223	news_E244	closed	stance
news_E223	news_E528	closed	stance
news_E223	news_E89	closed	stance
news_E392	news_E48	closed	stance
news_E392	news_E121	closed	stance
news_E392	news_E380	closed	stance
news_E392	news_E133	closed	stance
news_E392	news_E28	closed	stance
news_E392	news_E82	closed	stance
news_E392	news_E244	closed	stance
news_E392	news_E528	closed	stance
news_E392	news_E89	closed	stance
news_E48	news_E121	closed	stance
news_E48	news_E380	closed	stance
news_E48	news_E133	closed	stance
news_E48	news_E28	closed	stance
news_E48	news_E82	closed	stance
news_E48	news_E244	closed	stance
news_E48	news_E528	closed	stance
news_E48	news_E89	closed	stance
news_E121	news_E380	closed	stance
news_E121	news_E133	closed	stance
news_E121	news_E28	closed	stance
news_E121	news_E82	closed	stance
news_E121	news_E244	closed	stance
news_E121	news_E528	closed	stance
news_E121	news_E89	closed	stance
news_E380	news_E133	closed	stance
news_E380	news_E28	closed	stance
news_E380	news_E82	closed	stance
news_E380	news_E244	closed	stance
news_E380	news_E528	closed	stance
news_E380	news_E89	closed	stance
news_E133	news_E28	closed	stance
news_E133	news_E82	closed	stance
news_E133	news_E244	closed	stance
news_E133	news_E528	closed	stance
news_E133	news_E89	closed	stance
news_E28	news_E82	closed	stance
news_E28	news_E244	closed	stance
news_E28	news_E528	closed	stance
news_E28	news_E89	closed	stance
news_E82	news_E244	closed	stance
news_E82	news_E528	closed	stance
news_E82	news_E89	closed	stance
news_E244	news_E528	closed	stance
news_E244	news_E89	closed	stance
news_E528	news_E89	closed	stance
news_E445	news_E167	far	stance
news_E445	news_E52	far	stance
news_E445	news_E435	far	stance
news_E445	news_E65	far	stance
news_E105	news_E167	far	stance
news_E105	news_E52	far	stance
news_E105	news_E435	far	stance
news_E105	news_E65	far	stance
news_E175	news_E167	far	stance
news_E175	news_E52	far	stance
news_E175	news_E435	far	stance
news_E175	news_E65	far	stance
news_E75	news_E167	far	stance
news_E75	news_E52	far	stance
news_E75	news_E435	far	stance
news_E75	news_E65	far	stance
news_E223	news_E167	far	stance
news_E223	news_E52	far	stance
news_E223	news_E435	far	stance
news_E223	news_E65	far	stance
news_E392	news_E167	far	stance
news_E392	news_E52	far	stance
news_E392	news_E435	far	stance
news_E392	news_E65	far	stance
news_E48	news_E167	far	stance
news_E48	news_E52	far	stance
news_E48	news_E435	far	stance
news_E48	news_E65	far	stance
news_E121	news_E167	far	stance
news_E121	news_E52	far	stance
news_E121	news_E435	far	stance
news_E121	news_E65	far	stance
news_E380	news_E167	far	stance
news_E380	news_E52	far	stance
news_E380	news_E435	far	stance
news_E380	news_E65	far	stance
news_E133	news_E167	far	stance
news_E133	news_E52	far	stance
news_E133	news_E435	far	stance
news_E133	news_E65	far	stance
news_E28	news_E167	far	stance
news_E28	news_E52	far	stance
news_E28	news_E435	far	stance
news_E28	news_E65	far	stance
news_E82	news_E167	far	stance
news_E82	news_E52	far	stance
news_E82	news_E435	far	stance
news_E82	news_E65	far	stance
news_E244	news_E167	far	stance
news_E244	news_E52	far	stance
news_E244	news_E435	far	stance
news_E244	news_E65	far	stance
news_E528	news_E167	far	stance
news_E528	news_E52	far	stance
news_E528	news_E435	far	stance
news_E528	news_E65	far	stance
news_E89	news_E167	far	stance
news_E89	news_E52	far	stance
news_E89	news_E435	far	stance
news_E89	news_E65	far	stance
news_politifact7668	news_politifact11115	closed	stance
news_politifact14564	news_politifact14856	closed	stance
news_politifact14564	news_politifact15108	closed	stance
news_politifact14856	news_politifact15108	closed	stance
news_politifact14564	news_politifact14859	far	stance
news_politifact14856	news_politifact14859	far	stance
news_politifact15108	news_politifact14859	far	stance
news_politifact14859	news_politifact14564	far	stance
news_politifact14859	news_politifact14856	far	stance
news_politifact14859	news_politifact15108	far	stance
news_politifact2758	news_E431	closed	stance
news_politifact15190	news_politifact6730	closed	stance
news_politifact12556	news_politifact15570	closed	stance
news_pheme_132	news_pheme_324	far	stance
news_pheme_324	news_pheme_132	far	stance
news_politifact7668	news_politifact12773	closed	stance
news_politifact7668	news_politifact15562	closed	stance
news_politifact14742	news_politifact8085	far	stance
news_politifact8085	news_politifact14742	far	stance
news_politifact14664	news_politifact14750	far	stance
news_politifact14750	news_politifact14664	far	stance
news_politifact14718	news_politifact14949	closed	stance
news_E581	news_E412	closed	stance
news_E581	news_E331	closed	stance
news_E581	news_E530	closed	stance
news_E581	news_E698	closed	stance
news_E581	news_E356	closed	stance
news_E581	news_E632	closed	stance
news_E581	news_E600	closed	stance
news_E581	news_E149	closed	stance
news_E581	news_E435	closed	stance
news_E581	news_E610	closed	stance
news_E412	news_E331	closed	stance
news_E412	news_E530	closed	stance
news_E412	news_E698	closed	stance
news_E412	news_E356	closed	stance
news_E412	news_E632	closed	stance
news_E412	news_E600	closed	stance
news_E412	news_E149	closed	stance
news_E412	news_E435	closed	stance
news_E412	news_E610	closed	stance
news_E331	news_E530	closed	stance
news_E331	news_E698	closed	stance
news_E331	news_E356	closed	stance
news_E331	news_E632	closed	stance
news_E331	news_E600	closed	stance
news_E331	news_E149	closed	stance
news_E331	news_E435	closed	stance
news_E331	news_E610	closed	stance
news_E530	news_E698	closed	stance
news_E530	news_E356	closed	stance
news_E530	news_E632	closed	stance
news_E530	news_E600	closed	stance
news_E530	news_E149	closed	stance
news_E530	news_E435	closed	stance
news_E530	news_E610	closed	stance
news_E698	news_E356	closed	stance
news_E698	news_E632	closed	stance
news_E698	news_E600	closed	stance
news_E698	news_E149	closed	stance
news_E698	news_E435	closed	stance
news_E698	news_E610	closed	stance
news_E356	news_E632	closed	stance
news_E356	news_E600	closed	stance
news_E356	news_E149	closed	stance
news_E356	news_E435	closed	stance
news_E356	news_E610	closed	stance
news_E632	news_E600	closed	stance
news_E632	news_E149	closed	stance
news_E632	news_E435	closed	stance
news_E632	news_E610	closed	stance
news_E600	news_E149	closed	stance
news_E600	news_E435	closed	stance
news_E600	news_E610	closed	stance
news_E149	news_E435	closed	stance
news_E149	news_E610	closed	stance
news_E435	news_E610	closed	stance
news_E412	news_E678	far	stance
news_E412	news_E532	far	stance
news_E412	news_E642	far	stance
news_E412	news_E147	far	stance
news_E412	news_E233	far	stance
news_E412	news_E232	far	stance
news_E412	news_E321	far	stance
news_E412	news_E536	far	stance
news_E412	news_E700	far	stance
news_E412	news_E270	far	stance
news_E412	news_politifact14839	far	stance
news_E412	news_E63	far	stance
news_E412	news_E444	far	stance
news_E412	news_E647	far	stance
news_E412	news_E223	far	stance
news_E412	news_E244	far	stance
news_E412	news_E89	far	stance
news_E331	news_E678	far	stance
news_E331	news_E532	far	stance
news_E331	news_E642	far	stance
news_E331	news_E147	far	stance
news_E331	news_E233	far	stance
news_E331	news_E232	far	stance
news_E331	news_E321	far	stance
news_E331	news_E536	far	stance
news_E331	news_E700	far	stance
news_E331	news_E270	far	stance
news_E331	news_politifact14839	far	stance
news_E331	news_E63	far	stance
news_E331	news_E444	far	stance
news_E331	news_E647	far	stance
news_E331	news_E223	far	stance
news_E331	news_E244	far	stance
news_E331	news_E89	far	stance
news_E530	news_E678	far	stance
news_E530	news_E532	far	stance
news_E530	news_E642	far	stance
news_E530	news_E147	far	stance
news_E530	news_E233	far	stance
news_E530	news_E232	far	stance
news_E530	news_E321	far	stance
news_E530	news_E536	far	stance
news_E530	news_E700	far	stance
news_E530	news_E270	far	stance
news_E530	news_politifact14839	far	stance
news_E530	news_E63	far	stance
news_E530	news_E444	far	stance
news_E530	news_E647	far	stance
news_E530	news_E223	far	stance
news_E530	news_E244	far	stance
news_E530	news_E89	far	stance
news_E698	news_E678	far	stance
news_E698	news_E532	far	stance
news_E698	news_E642	far	stance
news_E698	news_E147	far	stance
news_E698	news_E233	far	stance
news_E698	news_E232	far	stance
news_E698	news_E321	far	stance
news_E698	news_E536	far	stance
news_E698	news_E700	far	stance
news_E698	news_E270	far	stance
news_E698	news_politifact14839	far	stance
news_E698	news_E63	far	stance
news_E698	news_E444	far	stance
news_E698	news_E647	far	stance
news_E698	news_E223	far	stance
news_E698	news_E244	far	stance
news_E698	news_E89	far	stance
news_E356	news_E678	far	stance
news_E356	news_E532	far	stance
news_E356	news_E642	far	stance
news_E356	news_E147	far	stance
news_E356	news_E233	far	stance
news_E356	news_E232	far	stance
news_E356	news_E321	far	stance
news_E356	news_E536	far	stance
news_E356	news_E700	far	stance
news_E356	news_E270	far	stance
news_E356	news_politifact14839	far	stance
news_E356	news_E63	far	stance
news_E356	news_E444	far	stance
news_E356	news_E647	far	stance
news_E356	news_E223	far	stance
news_E356	news_E244	far	stance
news_E356	news_E89	far	stance
news_E632	news_E678	far	stance
news_E632	news_E532	far	stance
news_E632	news_E642	far	stance
news_E632	news_E147	far	stance
news_E632	news_E233	far	stance
news_E632	news_E232	far	stance
news_E632	news_E321	far	stance
news_E632	news_E536	far	stance
news_E632	news_E700	far	stance
news_E632	news_E270	far	stance
news_E632	news_politifact14839	far	stance
news_E632	news_E63	far	stance
news_E632	news_E444	far	stance
news_E632	news_E647	far	stance
news_E632	news_E223	far	stance
news_E632	news_E244	far	stance
news_E632	news_E89	far	stance
news_E600	news_E678	far	stance
news_E600	news_E532	far	stance
news_E600	news_E642	far	stance
news_E600	news_E147	far	stance
news_E600	news_E233	far	stance
news_E600	news_E232	far	stance
news_E600	news_E321	far	stance
news_E600	news_E536	far	stance
news_E600	news_E700	far	stance
news_E600	news_E270	far	stance
news_E600	news_politifact14839	far	stance
news_E600	news_E63	far	stance
news_E600	news_E444	far	stance
news_E600	news_E647	far	stance
news_E600	news_E223	far	stance
news_E600	news_E244	far	stance
news_E600	news_E89	far	stance
news_E149	news_E678	far	stance
news_E149	news_E532	far	stance
news_E149	news_E642	far	stance
news_E149	news_E147	far	stance
news_E149	news_E233	far	stance
news_E149	news_E232	far	stance
news_E149	news_E321	far	stance
news_E149	news_E536	far	stance
news_E149	news_E700	far	stance
news_E149	news_E270	far	stance
news_E149	news_politifact14839	far	stance
news_E149	news_E63	far	stance
news_E149	news_E444	far	stance
news_E149	news_E647	far	stance
news_E149	news_E223	far	stance
news_E149	news_E244	far	stance
news_E149	news_E89	far	stance
news_E435	news_E678	far	stance
news_E435	news_E532	far	stance
news_E435	news_E642	far	stance
news_E435	news_E147	far	stance
news_E435	news_E233	far	stance
news_E435	news_E232	far	stance
news_E435	news_E321	far	stance
news_E435	news_E536	far	stance
news_E435	news_E700	far	stance
news_E435	news_E270	far	stance
news_E435	news_politifact14839	far	stance
news_E435	news_E63	far	stance
news_E435	news_E444	far	stance
news_E435	news_E647	far	stance
news_E435	news_E223	far	stance
news_E435	news_E244	far	stance
news_E435	news_E89	far	stance
news_E610	news_E678	far	stance
news_E610	news_E532	far	stance
news_E610	news_E642	far	stance
news_E610	news_E147	far	stance
news_E610	news_E233	far	stance
news_E610	news_E232	far	stance
news_E610	news_E321	far	stance
news_E610	news_E536	far	stance
news_E610	news_E700	far	stance
news_E610	news_E270	far	stance
news_E610	news_politifact14839	far	stance
news_E610	news_E63	far	stance
news_E610	news_E444	far	stance
news_E610	news_E647	far	stance
news_E610	news_E223	far	stance
news_E610	news_E244	far	stance
news_E610	news_E89	far	stance
news_E678	news_E532	closed	stance
news_E678	news_E581	closed	stance
news_E678	news_E642	closed	stance
news_E678	news_E147	closed	stance
news_E678	news_E233	closed	stance
news_E678	news_E232	closed	stance
news_E678	news_E321	closed	stance
news_E678	news_E536	closed	stance
news_E678	news_E700	closed	stance
news_E678	news_E270	closed	stance
news_E678	news_politifact14839	closed	stance
news_E678	news_E63	closed	stance
news_E678	news_E444	closed	stance
news_E678	news_E647	closed	stance
news_E678	news_E223	closed	stance
news_E678	news_E244	closed	stance
news_E678	news_E89	closed	stance
news_E532	news_E581	closed	stance
news_E532	news_E642	closed	stance
news_E532	news_E147	closed	stance
news_E532	news_E233	closed	stance
news_E532	news_E232	closed	stance
news_E532	news_E321	closed	stance
news_E532	news_E536	closed	stance
news_E532	news_E700	closed	stance
news_E532	news_E270	closed	stance
news_E532	news_politifact14839	closed	stance
news_E532	news_E63	closed	stance
news_E532	news_E444	closed	stance
news_E532	news_E647	closed	stance
news_E532	news_E223	closed	stance
news_E532	news_E244	closed	stance
news_E532	news_E89	closed	stance
news_E581	news_E642	closed	stance
news_E581	news_E147	closed	stance
news_E581	news_E233	closed	stance
news_E581	news_E232	closed	stance
news_E581	news_E321	closed	stance
news_E581	news_E536	closed	stance
news_E581	news_E700	closed	stance
news_E581	news_E270	closed	stance
news_E581	news_politifact14839	closed	stance
news_E581	news_E63	closed	stance
news_E581	news_E444	closed	stance
news_E581	news_E647	closed	stance
news_E581	news_E223	closed	stance
news_E581	news_E244	closed	stance
news_E581	news_E89	closed	stance
news_E642	news_E147	closed	stance
news_E642	news_E233	closed	stance
news_E642	news_E232	closed	stance
news_E642	news_E321	closed	stance
news_E642	news_E536	closed	stance
news_E642	news_E700	closed	stance
news_E642	news_E270	closed	stance
news_E642	news_politifact14839	closed	stance
news_E642	news_E63	closed	stance
news_E642	news_E444	closed	stance
news_E642	news_E647	closed	stance
news_E642	news_E223	closed	stance
news_E642	news_E244	closed	stance
news_E642	news_E89	closed	stance
news_E147	news_E233	closed	stance
news_E147	news_E232	closed	stance
news_E147	news_E321	closed	stance
news_E147	news_E536	closed	stance
news_E147	news_E700	closed	stance
news_E147	news_E270	closed	stance
news_E147	news_politifact14839	closed	stance
news_E147	news_E63	closed	stance
news_E147	news_E444	closed	stance
news_E147	news_E647	closed	stance
news_E147	news_E223	closed	stance
news_E147	news_E244	closed	stance
news_E147	news_E89	closed	stance
news_E233	news_E232	closed	stance
news_E233	news_E321	closed	stance
news_E233	news_E536	closed	stance
news_E233	news_E700	closed	stance
news_E233	news_E270	closed	stance
news_E233	news_politifact14839	closed	stance
news_E233	news_E63	closed	stance
news_E233	news_E444	closed	stance
news_E233	news_E647	closed	stance
news_E233	news_E223	closed	stance
news_E233	news_E244	closed	stance
news_E233	news_E89	closed	stance
news_E232	news_E321	closed	stance
news_E232	news_E536	closed	stance
news_E232	news_E700	closed	stance
news_E232	news_E270	closed	stance
news_E232	news_politifact14839	closed	stance
news_E232	news_E63	closed	stance
news_E232	news_E444	closed	stance
news_E232	news_E647	closed	stance
news_E232	news_E223	closed	stance
news_E232	news_E244	closed	stance
news_E232	news_E89	closed	stance
news_E321	news_E536	closed	stance
news_E321	news_E700	closed	stance
news_E321	news_E270	closed	stance
news_E321	news_politifact14839	closed	stance
news_E321	news_E63	closed	stance
news_E321	news_E444	closed	stance
news_E321	news_E647	closed	stance
news_E321	news_E223	closed	stance
news_E321	news_E244	closed	stance
news_E321	news_E89	closed	stance
news_E536	news_E700	closed	stance
news_E536	news_E270	closed	stance
news_E536	news_politifact14839	closed	stance
news_E536	news_E63	closed	stance
news_E536	news_E444	closed	stance
news_E536	news_E647	closed	stance
news_E536	news_E223	closed	stance
news_E536	news_E244	closed	stance
news_E536	news_E89	closed	stance
news_E700	news_E270	closed	stance
news_E700	news_politifact14839	closed	stance
news_E700	news_E63	closed	stance
news_E700	news_E444	closed	stance
news_E700	news_E647	closed	stance
news_E700	news_E223	closed	stance
news_E700	news_E244	closed	stance
news_E700	news_E89	closed	stance
news_E270	news_politifact14839	closed	stance
news_E270	news_E63	closed	stance
news_E270	news_E444	closed	stance
news_E270	news_E647	closed	stance
news_E270	news_E223	closed	stance
news_E270	news_E244	closed	stance
news_E270	news_E89	closed	stance
news_politifact14839	news_E63	closed	stance
news_politifact14839	news_E444	closed	stance
news_politifact14839	news_E647	closed	stance
news_politifact14839	news_E223	closed	stance
news_politifact14839	news_E244	closed	stance
news_politifact14839	news_E89	closed	stance
news_E63	news_E444	closed	stance
news_E63	news_E647	closed	stance
news_E63	news_E223	closed	stance
news_E63	news_E244	closed	stance
news_E63	news_E89	closed	stance
news_E444	news_E647	closed	stance
news_E444	news_E223	closed	stance
news_E444	news_E244	closed	stance
news_E444	news_E89	closed	stance
news_E647	news_E223	closed	stance
news_E647	news_E244	closed	stance
news_E647	news_E89	closed	stance
news_E223	news_E244	closed	stance
news_E223	news_E89	closed	stance
news_E244	news_E89	closed	stance
news_E678	news_E412	far	stance
news_E678	news_E331	far	stance
news_E678	news_E530	far	stance
news_E678	news_E698	far	stance
news_E678	news_E356	far	stance
news_E678	news_E632	far	stance
news_E678	news_E600	far	stance
news_E678	news_E149	far	stance
news_E678	news_E435	far	stance
news_E678	news_E610	far	stance
news_E532	news_E412	far	stance
news_E532	news_E331	far	stance
news_E532	news_E530	far	stance
news_E532	news_E698	far	stance
news_E532	news_E356	far	stance
news_E532	news_E632	far	stance
news_E532	news_E600	far	stance
news_E532	news_E149	far	stance
news_E532	news_E435	far	stance
news_E532	news_E610	far	stance
news_E642	news_E412	far	stance
news_E642	news_E331	far	stance
news_E642	news_E530	far	stance
news_E642	news_E698	far	stance
news_E642	news_E356	far	stance
news_E642	news_E632	far	stance
news_E642	news_E600	far	stance
news_E642	news_E149	far	stance
news_E642	news_E435	far	stance
news_E642	news_E610	far	stance
news_E147	news_E412	far	stance
news_E147	news_E331	far	stance
news_E147	news_E530	far	stance
news_E147	news_E698	far	stance
news_E147	news_E356	far	stance
news_E147	news_E632	far	stance
news_E147	news_E600	far	stance
news_E147	news_E149	far	stance
news_E147	news_E435	far	stance
news_E147	news_E610	far	stance
news_E233	news_E412	far	stance
news_E233	news_E331	far	stance
news_E233	news_E530	far	stance
news_E233	news_E698	far	stance
news_E233	news_E356	far	stance
news_E233	news_E632	far	stance
news_E233	news_E600	far	stance
news_E233	news_E149	far	stance
news_E233	news_E435	far	stance
news_E233	news_E610	far	stance
news_E232	news_E412	far	stance
news_E232	news_E331	far	stance
news_E232	news_E530	far	stance
news_E232	news_E698	far	stance
news_E232	news_E356	far	stance
news_E232	news_E632	far	stance
news_E232	news_E600	far	stance
news_E232	news_E149	far	stance
news_E232	news_E435	far	stance
news_E232	news_E610	far	stance
news_E321	news_E412	far	stance
news_E321	news_E331	far	stance
news_E321	news_E530	far	stance
news_E321	news_E698	far	stance
news_E321	news_E356	far	stance
news_E321	news_E632	far	stance
news_E321	news_E600	far	stance
news_E321	news_E149	far	stance
news_E321	news_E435	far	stance
news_E321	news_E610	far	stance
news_E536	news_E412	far	stance
news_E536	news_E331	far	stance
news_E536	news_E530	far	stance
news_E536	news_E698	far	stance
news_E536	news_E356	far	stance
news_E536	news_E632	far	stance
news_E536	news_E600	far	stance
news_E536	news_E149	far	stance
news_E536	news_E435	far	stance
news_E536	news_E610	far	stance
news_E700	news_E412	far	stance
news_E700	news_E331	far	stance
news_E700	news_E530	far	stance
news_E700	news_E698	far	stance
news_E700	news_E356	far	stance
news_E700	news_E632	far	stance
news_E700	news_E600	far	stance
news_E700	news_E149	far	stance
news_E700	news_E435	far	stance
news_E700	news_E610	far	stance
news_E270	news_E412	far	stance
news_E270	news_E331	far	stance
news_E270	news_E530	far	stance
news_E270	news_E698	far	stance
news_E270	news_E356	far	stance
news_E270	news_E632	far	stance
news_E270	news_E600	far	stance
news_E270	news_E149	far	stance
news_E270	news_E435	far	stance
news_E270	news_E610	far	stance
news_politifact14839	news_E412	far	stance
news_politifact14839	news_E331	far	stance
news_politifact14839	news_E530	far	stance
news_politifact14839	news_E698	far	stance
news_politifact14839	news_E356	far	stance
news_politifact14839	news_E632	far	stance
news_politifact14839	news_E600	far	stance
news_politifact14839	news_E149	far	stance
news_politifact14839	news_E435	far	stance
news_politifact14839	news_E610	far	stance
news_E63	news_E412	far	stance
news_E63	news_E331	far	stance
news_E63	news_E530	far	stance
news_E63	news_E698	far	stance
news_E63	news_E356	far	stance
news_E63	news_E632	far	stance
news_E63	news_E600	far	stance
news_E63	news_E149	far	stance
news_E63	news_E435	far	stance
news_E63	news_E610	far	stance
news_E444	news_E412	far	stance
news_E444	news_E331	far	stance
news_E444	news_E530	far	stance
news_E444	news_E698	far	stance
news_E444	news_E356	far	stance
news_E444	news_E632	far	stance
news_E444	news_E600	far	stance
news_E444	news_E149	far	stance
news_E444	news_E435	far	stance
news_E444	news_E610	far	stance
news_E647	news_E412	far	stance
news_E647	news_E331	far	stance
news_E647	news_E530	far	stance
news_E647	news_E698	far	stance
news_E647	news_E356	far	stance
news_E647	news_E632	far	stance
news_E647	news_E600	far	stance
news_E647	news_E149	far	stance
news_E647	news_E435	far	stance
news_E647	news_E610	far	stance
news_E223	news_E412	far	stance
news_E223	news_E331	far	stance
news_E223	news_E530	far	stance
news_E223	news_E698	far	stance
news_E223	news_E356	far	stance
news_E223	news_E632	far	stance
news_E223	news_E600	far	stance
news_E223	news_E149	far	stance
news_E223	news_E435	far	stance
news_E223	news_E610	far	stance
news_E244	news_E412	far	stance
news_E244	news_E331	far	stance
news_E244	news_E530	far	stance
news_E244	news_E698	far	stance
news_E244	news_E356	far	stance
news_E244	news_E632	far	stance
news_E244	news_E600	far	stance
news_E244	news_E149	far	stance
news_E244	news_E435	far	stance
news_E244	news_E610	far	stance
news_E89	news_E412	far	stance
news_E89	news_E331	far	stance
news_E89	news_E530	far	stance
news_E89	news_E698	far	stance
news_E89	news_E356	far	stance
news_E89	news_E632	far	stance
news_E89	news_E600	far	stance
news_E89	news_E149	far	stance
news_E89	news_E435	far	stance
news_E89	news_E610	far	stance
news_E587	news_E411	closed	stance
news_E587	news_politifact8085	closed	stance
news_E411	news_politifact8085	closed	stance
news_politifact7923	news_politifact12556	closed	stance
news_politifact2758	news_politifact368	closed	stance
news_pheme_341	news_pheme_24	closed	stance
news_pheme_341	news_pheme_139	closed	stance
news_pheme_24	news_pheme_139	closed	stance
news_E301	news_E465	closed	stance
news_E301	news_E574	closed	stance
news_E465	news_E574	closed	stance
news_politifact7668	news_politifact7511	closed	stance
news_E561	news_E621	closed	stance
news_E561	news_E163	closed	stance
news_E561	news_E542	closed	stance
news_E561	news_E792	closed	stance
news_E561	news_politifact15604	closed	stance
news_E621	news_E163	closed	stance
news_E621	news_E542	closed	stance
news_E621	news_E792	closed	stance
news_E621	news_politifact15604	closed	stance
news_E163	news_E542	closed	stance
news_E163	news_E792	closed	stance
news_E163	news_politifact15604	closed	stance
news_E542	news_E792	closed	stance
news_E542	news_politifact15604	closed	stance
news_E792	news_politifact15604	closed	stance
news_politifact2758	news_politifact7668	closed	stance
news_politifact2758	news_politifact15562	closed	stance
news_politifact2758	news_politifact943	closed	stance
news_politifact7668	news_politifact15562	closed	stance
news_politifact7668	news_politifact943	closed	stance
news_politifact15562	news_politifact943	closed	stance
news_politifact8085	news_politifact4306	closed	stance
news_E358	news_E352	closed	stance
news_E783	news_E774	closed	stance
news_E117	news_E193	far	stance
news_E117	news_E47	far	stance
news_E193	news_E47	closed	stance
news_E193	news_E117	far	stance
news_E47	news_E117	far	stance
news_politifact15562	news_politifact15037	far	stance
news_politifact15037	news_politifact15562	far	stance
news_politifact14664	news_politifact15004	closed	stance
news_politifact14664	news_politifact15191	closed	stance
news_politifact15004	news_politifact15191	closed	stance
news_politifact13193	news_politifact368	closed	stance
news_politifact13229	news_politifact15137	closed	stance
news_politifact14856	news_politifact14664	closed	stance
news_politifact7668	news_E271	closed	stance
news_politifact14771	news_politifact14954	closed	stance
news_politifact14771	news_politifact15037	far	stance
news_politifact14954	news_politifact15037	far	stance
news_politifact15037	news_politifact14771	far	stance
news_politifact15037	news_politifact14954	far	stance
news_pheme_192	news_pheme_253	closed	stance
news_politifact8085	news_politifact4306	closed	stance
news_pheme_341	news_pheme_139	closed	stance
news_politifact7923	news_politifact368	closed	stance
news_politifact7923	news_politifact7668	closed	stance
news_politifact7923	news_politifact12773	closed	stance
news_politifact368	news_politifact7668	closed	stance
news_politifact368	news_politifact12773	closed	stance
news_politifact7668	news_politifact12773	closed	stance
news_pheme_258	news_pheme_267	closed	stance
news_pheme_258	news_pheme_127	closed	stance
news_pheme_258	news_pheme_50	closed	stance
news_pheme_267	news_pheme_127	closed	stance
news_pheme_267	news_pheme_50	closed	stance
news_pheme_127	news_pheme_50	closed	stance
news_pheme_103	news_pheme_11	closed	stance
news_pheme_103	news_pheme_407	closed	stance
news_pheme_103	news_pheme_317	closed	stance
news_pheme_11	news_pheme_407	closed	stance
news_pheme_11	news_pheme_317	closed	stance
news_pheme_407	news_pheme_317	closed	stance
news_E587	news_politifact7668	closed	stance
news_E587	news_politifact825	far	stance
news_politifact7668	news_politifact825	far	stance
news_politifact825	news_E587	far	stance
news_politifact825	news_politifact7668	far	stance
news_pheme_175	news_pheme_250	far	stance
news_pheme_250	news_pheme_175	far	stance
news_politifact14856	news_politifact15599	closed	stance
news_politifact14863	news_politifact15135	closed	stance
news_politifact14863	news_politifact15191	closed	stance
news_politifact15135	news_politifact15191	closed	stance
news_politifact368	news_E765	closed	stance
news_E632	news_politifact12556	closed	stance
news_E456	news_E736	far	stance
news_E736	news_E456	far	stance
news_E779	news_E88	far	stance
news_E88	news_E779	far	stance
news_politifact15048	news_politifact15031	closed	stance
news_politifact15048	news_politifact14859	far	stance
news_politifact15031	news_politifact14859	far	stance
news_politifact14859	news_politifact15048	far	stance
news_politifact14859	news_politifact15031	far	stance
news_E387	news_E104	far	stance
news_E104	news_E387	far	stance
news_E472	news_E114	closed	stance
news_politifact14949	news_politifact14839	closed	stance
news_politifact14949	news_politifact14742	closed	stance
news_politifact14949	news_politifact14718	closed	stance
news_politifact14949	news_politifact14832	closed	stance
news_politifact14949	news_politifact15130	closed	stance
news_politifact14839	news_politifact14742	closed	stance
news_politifact14839	news_politifact14718	closed	stance
news_politifact14839	news_politifact14832	closed	stance
news_politifact14839	news_politifact15130	closed	stance
news_politifact14742	news_politifact14718	closed	stance
news_politifact14742	news_politifact14832	closed	stance
news_politifact14742	news_politifact15130	closed	stance
news_politifact14718	news_politifact14832	closed	stance
news_politifact14718	news_politifact15130	closed	stance
news_politifact14832	news_politifact15130	closed	stance
news_politifact15562	news_politifact8989	far	stance
news_politifact8989	news_politifact15562	far	stance
news_pheme_374	news_pheme_136	far	stance
news_pheme_136	news_pheme_374	far	stance
news_E167	news_politifact2758	far	stance
news_politifact2758	news_E167	far	stance
news_politifact2758	news_politifact12556	closed	stance
news_E670	news_politifact12556	closed	stance
news_politifact14756	news_politifact15004	closed	stance
news_politifact14756	news_politifact14860	closed	stance
news_politifact14756	news_politifact14722	closed	stance
news_politifact14756	news_politifact12773	closed	stance
news_politifact14756	news_politifact15048	closed	stance
news_politifact15004	news_politifact14860	closed	stance
news_politifact15004	news_politifact14722	closed	stance
news_politifact15004	news_politifact12773	closed	stance
news_politifact15004	news_politifact15048	closed	stance
news_politifact14860	news_politifact14722	closed	stance
news_politifact14860	news_politifact12773	closed	stance
news_politifact14860	news_politifact15048	closed	stance
news_politifact14722	news_politifact12773	closed	stance
news_politifact14722	news_politifact15048	closed	stance
news_politifact12773	news_politifact15048	closed	stance
news_politifact14756	news_politifact14992	far	stance
news_politifact14756	news_politifact15156	far	stance
news_politifact14756	news_politifact15037	far	stance
news_politifact14756	news_politifact14742	far	stance
news_politifact14756	news_politifact14814	far	stance
news_politifact14756	news_politifact14832	far	stance
news_politifact14756	news_politifact14771	far	stance
news_politifact14756	news_politifact14777	far	stance
news_politifact15004	news_politifact14992	far	stance
news_politifact15004	news_politifact15156	far	stance
news_politifact15004	news_politifact15037	far	stance
news_politifact15004	news_politifact14742	far	stance
news_politifact15004	news_politifact14814	far	stance
news_politifact15004	news_politifact14832	far	stance
news_politifact15004	news_politifact14771	far	stance
news_politifact15004	news_politifact14777	far	stance
news_politifact14860	news_politifact14992	far	stance
news_politifact14860	news_politifact15156	far	stance
news_politifact14860	news_politifact15037	far	stance
news_politifact14860	news_politifact14742	far	stance
news_politifact14860	news_politifact14814	far	stance
news_politifact14860	news_politifact14832	far	stance
news_politifact14860	news_politifact14771	far	stance
news_politifact14860	news_politifact14777	far	stance
news_politifact14722	news_politifact14992	far	stance
news_politifact14722	news_politifact15156	far	stance
news_politifact14722	news_politifact15037	far	stance
news_politifact14722	news_politifact14742	far	stance
news_politifact14722	news_politifact14814	far	stance
news_politifact14722	news_politifact14832	far	stance
news_politifact14722	news_politifact14771	far	stance
news_politifact14722	news_politifact14777	far	stance
news_politifact12773	news_politifact14992	far	stance
news_politifact12773	news_politifact15156	far	stance
news_politifact12773	news_politifact15037	far	stance
news_politifact12773	news_politifact14742	far	stance
news_politifact12773	news_politifact14814	far	stance
news_politifact12773	news_politifact14832	far	stance
news_politifact12773	news_politifact14771	far	stance
news_politifact12773	news_politifact14777	far	stance
news_politifact15048	news_politifact14992	far	stance
news_politifact15048	news_politifact15156	far	stance
news_politifact15048	news_politifact15037	far	stance
news_politifact15048	news_politifact14742	far	stance
news_politifact15048	news_politifact14814	far	stance
news_politifact15048	news_politifact14832	far	stance
news_politifact15048	news_politifact14771	far	stance
news_politifact15048	news_politifact14777	far	stance
news_politifact14992	news_politifact15156	closed	stance
news_politifact14992	news_politifact15037	closed	stance
news_politifact14992	news_politifact14742	closed	stance
news_politifact14992	news_politifact14814	closed	stance
news_politifact14992	news_politifact14832	closed	stance
news_politifact14992	news_politifact14771	closed	stance
news_politifact14992	news_politifact14777	closed	stance
news_politifact15156	news_politifact15037	closed	stance
news_politifact15156	news_politifact14742	closed	stance
news_politifact15156	news_politifact14814	closed	stance
news_politifact15156	news_politifact14832	closed	stance
news_politifact15156	news_politifact14771	closed	stance
news_politifact15156	news_politifact14777	closed	stance
news_politifact15037	news_politifact14742	closed	stance
news_politifact15037	news_politifact14814	closed	stance
news_politifact15037	news_politifact14832	closed	stance
news_politifact15037	news_politifact14771	closed	stance
news_politifact15037	news_politifact14777	closed	stance
news_politifact14742	news_politifact14814	closed	stance
news_politifact14742	news_politifact14832	closed	stance
news_politifact14742	news_politifact14771	closed	stance
news_politifact14742	news_politifact14777	closed	stance
news_politifact14814	news_politifact14832	closed	stance
news_politifact14814	news_politifact14771	closed	stance
news_politifact14814	news_politifact14777	closed	stance
news_politifact14832	news_politifact14771	closed	stance
news_politifact14832	news_politifact14777	closed	stance
news_politifact14771	news_politifact14777	closed	stance
news_politifact14992	news_politifact14756	far	stance
news_politifact14992	news_politifact15004	far	stance
news_politifact14992	news_politifact14860	far	stance
news_politifact14992	news_politifact14722	far	stance
news_politifact14992	news_politifact12773	far	stance
news_politifact14992	news_politifact15048	far	stance
news_politifact15156	news_politifact14756	far	stance
news_politifact15156	news_politifact15004	far	stance
news_politifact15156	news_politifact14860	far	stance
news_politifact15156	news_politifact14722	far	stance
news_politifact15156	news_politifact12773	far	stance
news_politifact15156	news_politifact15048	far	stance
news_politifact15037	news_politifact14756	far	stance
news_politifact15037	news_politifact15004	far	stance
news_politifact15037	news_politifact14860	far	stance
news_politifact15037	news_politifact14722	far	stance
news_politifact15037	news_politifact12773	far	stance
news_politifact15037	news_politifact15048	far	stance
news_politifact14742	news_politifact14756	far	stance
news_politifact14742	news_politifact15004	far	stance
news_politifact14742	news_politifact14860	far	stance
news_politifact14742	news_politifact14722	far	stance
news_politifact14742	news_politifact12773	far	stance
news_politifact14742	news_politifact15048	far	stance
news_politifact14814	news_politifact14756	far	stance
news_politifact14814	news_politifact15004	far	stance
news_politifact14814	news_politifact14860	far	stance
news_politifact14814	news_politifact14722	far	stance
news_politifact14814	news_politifact12773	far	stance
news_politifact14814	news_politifact15048	far	stance
news_politifact14832	news_politifact14756	far	stance
news_politifact14832	news_politifact15004	far	stance
news_politifact14832	news_politifact14860	far	stance
news_politifact14832	news_politifact14722	far	stance
news_politifact14832	news_politifact12773	far	stance
news_politifact14832	news_politifact15048	far	stance
news_politifact14771	news_politifact14756	far	stance
news_politifact14771	news_politifact15004	far	stance
news_politifact14771	news_politifact14860	far	stance
news_politifact14771	news_politifact14722	far	stance
news_politifact14771	news_politifact12773	far	stance
news_politifact14771	news_politifact15048	far	stance
news_politifact14777	news_politifact14756	far	stance
news_politifact14777	news_politifact15004	far	stance
news_politifact14777	news_politifact14860	far	stance
news_politifact14777	news_politifact14722	far	stance
news_politifact14777	news_politifact12773	far	stance
news_politifact14777	news_politifact15048	far	stance
news_E615	news_politifact14860	closed	stance_dist
news_pheme_305	news_pheme_280	closed	stance_dist
news_pheme_48	news_E488	closed	stance_dist
news_E373	news_E303	closed	stance_dist
news_politifact14890	news_politifact15129	closed	stance_dist
news_E746	news_E307	closed	stance_dist
news_E570	news_politifact13013	closed	stance_dist
news_E579	news_E707	closed	stance_dist
news_politifact14644	news_politifact14777	closed	cred
news_pheme_155	news_pheme_238	closed	cred
news_pheme_134	news_politifact31	closed	cred
news_pheme_278	news_pheme_340	closed	cred
news_pheme_250	news_pheme_237	closed	cred
news_E340	news_politifact10731	closed	cred
news_E116	news_E269	closed	cred
news_E50	news_E307	closed	cred
news_E774	news_pheme_51	closed	cred
news_politifact14643	news_politifact14876	closed	cred
news_politifact14750	news_politifact14827	closed	cred
news_E373	news_E770	closed	cred
news_pheme_25	news_pheme_75	closed	cred
news_E214	news_E772	closed	cred
news_E723	news_E398	closed	cred
